titel,beschreibung,preis_eur,bestand_anzahl,kategorie,wer_hat_es_gemacht,was_ist_es,wann_hergestellt,material_1,material_2,material_3,tag_1,tag_2,tag_3,tag_4,tag_5,tag_6,tag_7,tag_8,tag_9,tag_10,tag_11,tag_12,tag_13,versand_herkunftsland,versand_bearbeitungszeit_tage_min,versand_bearbeitungszeit_tage_max,versand_kosten_de_eur,versand_kosten_eu_eur,versand_kosten_welt_eur,groesse,farbe_primaer,farbe_sekundaer,stil,anlass,personalisierbar,bildordner_pfad,variante_1_name,variante_1_optionen,variante_2_name,variante_2_optionen,personalisierung_felder,ruecknahme_richtlinie,absender_plz,notizen
"Personalisierte Stadtkarte Poster | Heimatstadt Geschenk | individuelles Wandbild | A4 A3 A2 oder Digital | Lieblingsort","Halte deinen Lieblingsort für immer fest.

Ob Heimatstadt, der Ort des ersten Treffens oder das Reiseziel, das ihr nie vergessen wollt — dieses personalisierte Stadtkarten-Poster macht aus einem besonderen Ort ein zeitloses Wandbild.

SO FUNKTIONIERT'S
Du gibst uns Stadt, Titel und einen kurzen Untertitel. Wähle deinen Wunsch-Look (Farbe und Stil) und dein Format — wir gestalten dein Poster individuell.

DEINE AUSWAHL
• Digitaler Download — Druckdatei für A4, A3 und A2, verfügbar nach dem Kauf
• Posterdruck — auf mattem Premiumpapier
• Posterdruck mit Aluminiumrahmen — aufhängefertig

VERSAND & BEARBEITUNG
Jedes Poster wird individuell für dich gefertigt. Die digitale Datei erhältst du nach dem Kauf, gedruckte Poster werden sorgfältig gerollt versendet. Versand innerhalb Deutschlands ist kostenlos.

Ein Geschenk, das bleibt — zum Einzug, zur Hochzeit, zum Jahrestag oder einfach für dich selbst.

Gestalte jetzt deinen Lieblingsort.",4.90,999,"Art & Collectibles > Prints","i_did","a_finished_product","made_to_order","Mattes Premiumpapier","Pigmenttinte","Aluminiumrahmen","Stadtkarte","Stadtplan Poster","Heimatstadt Karte","personalisiert","Umzugsgeschenk","Lieblingsort","Karten Poster","Wandbild Stadt","Einzugsgeschenk","Reise Geschenk","Stadt Wandkunst","individuelles Bild","Geschenk Paar","Deutschland",2,5,0.00,4.90,,"A4, A3, A2","Schwarz","Weiß","Tusche","Einzug, Hochzeit, Jahrestag, Reiseerinnerung","ja","out/preset-pngs/map/","Format & Ausführung","Digitaler Download 4,90 € | Poster A4 9,90 € | Poster A3 14,99 € | Poster A2 19,99 € | Poster A4 mit Rahmen 14,90 € | Poster A3 mit Rahmen 24,99 €","Farbe","Original | Pink | Dark | Blue-Water","Ort/Stadt | Titel | Untertitel","Keine Rücknahme oder Umtausch (personalisierte Anfertigung). Bei Druckfehler oder Transportschaden kostenfreier Ersatz.","81377","ANNAHMEN BITTE PRÜFEN: (1) Varianten-Preismatrix (6 Varianten): Digitaler Download 4,90 | Poster A4 9,90 | A3 14,99 | A2 19,99 | A4 mit Rahmen 14,90 | A3 mit Rahmen 24,99. A2 mit Rahmen entfällt (kein A2-Rahmen vorhanden). preis_eur-Spalte = niedrigster Wert (4,90, Digital), Etsy zeigt 'ab 4,90'. (2) VARIANTEN: jetzt in eigenen Spalten variante_1/variante_2 — in Etsy als zwei Variations-Eigenschaften anlegen, Variante 1 mit Preis pro Option. (3) VERSAND: DE kostenlos, EU 4,90 €, weltweit aktuell NICHT angeboten (kann später ergänzt werden). Digital-Variante: physisches Listing mit angehängter Druckdatei, Download-Käufer durchlaufen physischen Checkout. (4) Marge bei diesen Preisen + Gratis-Versand DE bewusst dünn — Traction-Strategie, vom Betreiber so gewollt. (5) Titel/Text Deutsch — EN-Version würde Reichweite erhöhen, offen. (6) Kategorie: exakte Unterkategorie in Etsy-UI verifizieren. (7) Bearbeitungszeit 2-5 Tage geschätzt, an reale Kapazität anpassen. (8) Kartenstil: Tusche. farbe_primaer/sekundaer = Default-Look (Original). Weitere Farben spaeter ergaenzbar."
"Personalisierte Herz-Stadtkarte | Paar Geschenk Hochzeit Jahrestag | Wo alles begann | A4 A3 A2 oder Digital","Wo alles begann — als Karte in Herzform.

Der Ort eures ersten Dates, eurer Verlobung oder eures Zuhauses: Diese personalisierte Stadtkarte in Herzform verwandelt euren besonderen Ort in ein romantisches Wandbild.

SO FUNKTIONIERT'S
Nenne uns Ort, Titel und einen kurzen Untertitel (zum Beispiel euer Datum). Wähle Look und Format — den Rest gestalten wir individuell für euch.

DEINE AUSWAHL
• Digitaler Download — Druckdatei für A4, A3 und A2, verfügbar nach dem Kauf
• Posterdruck — auf mattem Premiumpapier
• Posterdruck mit Aluminiumrahmen — aufhängefertig

VERSAND & BEARBEITUNG
Jedes Poster wird individuell gefertigt. Die digitale Datei erhältst du nach dem Kauf, gedruckte Poster werden sorgfältig gerollt versendet. Versand innerhalb Deutschlands ist kostenlos.

Das perfekte Geschenk zur Hochzeit, zur Verlobung, zum Jahrestag oder zum Valentinstag.

Gestaltet jetzt euren Ort.",4.90,999,"Art & Collectibles > Prints","i_did","a_finished_product","made_to_order","Mattes Premiumpapier","Pigmenttinte","Aluminiumrahmen","Herzkarte","Herz Stadtplan","Stadtkarte Herz","Paar Geschenk","Hochzeitsgeschenk","Verlobung Geschenk","Jahrestag Geschenk","Liebesgeschenk","Valentinstag","Wo alles begann","Hochzeit Poster","personalisiert","wir zwei","Deutschland",2,5,0.00,4.90,,"A4, A3, A2","Schwarz","Weiß","Tusche","Hochzeit, Verlobung, Jahrestag, Valentinstag","ja","out/preset-pngs/map/","Format & Ausführung","Digitaler Download 4,90 € | Poster A4 9,90 € | Poster A3 14,99 € | Poster A2 19,99 € | Poster A4 mit Rahmen 14,90 € | Poster A3 mit Rahmen 24,99 €","Farbe","Original | Pink | Dark | Blue-Water","Ort/Stadt | Titel | Untertitel","Keine Rücknahme oder Umtausch (personalisierte Anfertigung). Bei Druckfehler oder Transportschaden kostenfreier Ersatz.","81377","ANNAHMEN BITTE PRÜFEN: (1) Eigenes Listing für die Herzform-Variante — falls du das lieber als 'Look' im normalen Stadtkarten-Listing führen willst, sag Bescheid, dann fällt diese Zeile weg. (2) Varianten-Preismatrix identisch zum Stadtkarten-Listing (6 Varianten): Digital 4,90 | A4 9,90 | A3 14,99 | A2 19,99 | A4+Rahmen 14,90 | A3+Rahmen 24,99. Kein A2-Rahmen. (3) VERSAND: DE kostenlos, EU 4,90 €, weltweit nicht angeboten. (4) Quell-Presets: Dark Heart, Heart Love, Heart Love 2, Heart_New York — DUPLIKAT 'Heart Love' (2x in der DB) vor Foto-Auswahl bereinigen. (5) Deutsch — EN-Version empfohlen. (6) Kartenstil: Tusche."
"Personalisierte Sternenkarte Poster | Sternenhimmel Geschenk Geburt Hochzeit | Nachthimmel | A4 A3 A2 oder Digital","Der Himmel eines besonderen Moments — für immer festgehalten.

Die Geburt eures Kindes, eure Hochzeit, ein Jahrestag: Diese personalisierte Sternenkarte zeigt den Sternenhimmel exakt so, wie er an deinem Ort und zu deiner Zeit stand.

SO FUNKTIONIERT'S
Nenne uns Datum, Uhrzeit und Ort des Moments — dazu Titel und Untertitel. Wähle deinen Look und dein Format. Wir berechnen den passenden Sternenhimmel und gestalten dein Poster.

DEINE AUSWAHL
• Digitaler Download — Druckdatei für A4, A3 und A2, verfügbar nach dem Kauf
• Posterdruck — auf mattem Premiumpapier
• Posterdruck mit Aluminiumrahmen — aufhängefertig

VERSAND & BEARBEITUNG
Jede Sternenkarte wird individuell für dich berechnet und gefertigt. Die digitale Datei erhältst du nach dem Kauf, gedruckte Poster werden sorgfältig gerollt versendet. Versand innerhalb Deutschlands ist kostenlos.

Ein bewegendes Geschenk zur Geburt, zur Hochzeit, zum Jahrestag oder zur Taufe.

Halte deinen Moment unter den Sternen fest.",4.90,999,"Art & Collectibles > Prints","i_did","a_finished_product","made_to_order","Mattes Premiumpapier","Pigmenttinte","Aluminiumrahmen","Sternenkarte","Sternenhimmel","Sternkarte Geburt","personalisiert","Hochzeitsgeschenk","Geburtsgeschenk","Jahrestag Geschenk","Nachthimmel","Sterne Poster","Sternbild Poster","Liebesgeschenk","Babygeschenk","Sternenhimmel Karte","Deutschland",2,5,0.00,4.90,,"A4, A3, A2","Schwarz","Weiß","Minimalistisch","Geburt, Hochzeit, Jahrestag, Taufe","ja","out/preset-pngs/star-map/","Format & Ausführung","Digitaler Download 4,90 € | Poster A4 9,90 € | Poster A3 14,99 € | Poster A2 19,99 € | Poster A4 mit Rahmen 14,90 € | Poster A3 mit Rahmen 24,99 €","Farbe","Schwarz-Weiß | Grün | Rosé","Datum | Uhrzeit | Ort | Titel | Untertitel","Keine Rücknahme oder Umtausch (personalisierte Anfertigung). Bei Druckfehler oder Transportschaden kostenfreier Ersatz.","81377","ANNAHMEN BITTE PRÜFEN: (1) START-FARBEN, 3 Optionen fuer Variante 2 'Farbe': Schwarz-Weiss (= Preset Star Map Weiss, schwarzer Nachthimmel auf weissem Hintergrund) | Gruen (= Star Map Green) | Rosé (= Star Map Pink). Light Grey bewusst weggelassen — visuell fast identisch mit Schwarz-Weiss. Weitere Farben jederzeit spaeter ergaenzbar. (2) Varianten-Preismatrix wie Stadtkarte (6 Varianten): Digital 4,90 | A4 9,90 | A3 14,99 | A2 19,99 | A4+Rahmen 14,90 | A3+Rahmen 24,99. Kein A2-Rahmen. (3) VERSAND: DE kostenlos, EU 4,90 €, weltweit nicht angeboten. (4) farbe_primaer = Schwarz (Default-Look, klassischer Nachthimmel). (5) Bildordner: die 4 star-map-PNGs sind aktuell noch mit dem ALTEN, zu großen Kreis gerendert — vor Upload neu rendern (offener Punkt aus separater Session). (6) Deutsch — EN-Version fängt internationale Sternenkarten-Nachfrage."
